--
-- PostgreSQL database dump
--

-- Dumped from database version 10.12 (Debian 10.12-2.pgdg90+1)
-- Dumped by pg_dump version 10.12 (Debian 10.12-2.pgdg90+1)

SET statement_timeout = 0;
SET lock_timeout = 0;
SET idle_in_transaction_session_timeout = 0;
SET client_encoding = 'UTF8';
SET standard_conforming_strings = on;
SELECT pg_catalog.set_config('search_path', '', false);
SET check_function_bodies = false;
SET xmloption = content;
SET client_min_messages = warning;
SET row_security = off;

--
-- Name: plpgsql; Type: EXTENSION; Schema: -; Owner: 
--

CREATE EXTENSION IF NOT EXISTS plpgsql WITH SCHEMA pg_catalog;


--
-- Name: EXTENSION plpgsql; Type: COMMENT; Schema: -; Owner: 
--

COMMENT ON EXTENSION plpgsql IS 'PL/pgSQL procedural language';


SET default_tablespace = '';

SET default_with_oids = false;

--
-- Name: contributors; Type: TABLE; Schema: public; Owner: alexisjanvier
--

CREATE TABLE public.contributors (
    id integer NOT NULL,
    "githubId" character varying(255) NOT NULL,
    "avatarUrl" character varying(255),
    email character varying(255),
    login character varying(255),
    name character varying(255),
    "createdAt" timestamp with time zone NOT NULL,
    "updatedAt" timestamp with time zone NOT NULL
);


ALTER TABLE public.contributors OWNER TO alexisjanvier;

--
-- Name: contributors_id_seq; Type: SEQUENCE; Schema: public; Owner: alexisjanvier
--

CREATE SEQUENCE public.contributors_id_seq
    AS integer
    START WITH 1
    INCREMENT BY 1
    NO MINVALUE
    NO MAXVALUE
    CACHE 1;


ALTER TABLE public.contributors_id_seq OWNER TO alexisjanvier;

--
-- Name: contributors_id_seq; Type: SEQUENCE OWNED BY; Schema: public; Owner: alexisjanvier
--

ALTER SEQUENCE public.contributors_id_seq OWNED BY public.contributors.id;


--
-- Name: repositories; Type: TABLE; Schema: public; Owner: alexisjanvier
--

CREATE TABLE public.repositories (
    id integer NOT NULL,
    "githubId" character varying(255) NOT NULL,
    name character varying(255) NOT NULL,
    description character varying(255) NOT NULL,
    "primaryLanguage" character varying(255) NOT NULL,
    languages integer NOT NULL,
    license character varying(255) NOT NULL,
    url character varying(255) NOT NULL,
    homepage character varying(255) NOT NULL,
    "starsNumber" integer NOT NULL,
    "forkNumber" integer NOT NULL,
    "openIssuesNumber" integer NOT NULL,
    "openPullRequestsNumber" integer NOT NULL,
    "watchersNumber" integer NOT NULL,
    "isArchived" boolean DEFAULT false NOT NULL,
    "isDisabled" boolean DEFAULT false NOT NULL,
    "isLocked" boolean DEFAULT false NOT NULL,
    "createdAt" timestamp with time zone NOT NULL,
    "pushedAt" timestamp with time zone,
    "updatedAt" timestamp with time zone,
    decision character varying(255) DEFAULT 'none'::character varying NOT NULL,
    "isGame" boolean DEFAULT false NOT NULL,
    done boolean DEFAULT false
);


ALTER TABLE public.repositories OWNER TO alexisjanvier;

--
-- Name: repositories_id_seq; Type: SEQUENCE; Schema: public; Owner: alexisjanvier
--

CREATE SEQUENCE public.repositories_id_seq
    AS integer
    START WITH 1
    INCREMENT BY 1
    NO MINVALUE
    NO MAXVALUE
    CACHE 1;


ALTER TABLE public.repositories_id_seq OWNER TO alexisjanvier;

--
-- Name: repositories_id_seq; Type: SEQUENCE OWNED BY; Schema: public; Owner: alexisjanvier
--

ALTER SEQUENCE public.repositories_id_seq OWNED BY public.repositories.id;


--
-- Name: repository_maintainer; Type: TABLE; Schema: public; Owner: alexisjanvier
--

CREATE TABLE public.repository_maintainer (
    "createdAt" timestamp with time zone NOT NULL,
    "updatedAt" timestamp with time zone NOT NULL,
    repository_id integer NOT NULL,
    contributor_id integer NOT NULL
);


ALTER TABLE public.repository_maintainer OWNER TO alexisjanvier;

--
-- Name: contributors id; Type: DEFAULT; Schema: public; Owner: alexisjanvier
--

ALTER TABLE ONLY public.contributors ALTER COLUMN id SET DEFAULT nextval('public.contributors_id_seq'::regclass);


--
-- Name: repositories id; Type: DEFAULT; Schema: public; Owner: alexisjanvier
--

ALTER TABLE ONLY public.repositories ALTER COLUMN id SET DEFAULT nextval('public.repositories_id_seq'::regclass);


--
-- Data for Name: contributors; Type: TABLE DATA; Schema: public; Owner: alexisjanvier
--

COPY public.contributors (id, "githubId", "avatarUrl", email, login, name, "createdAt", "updatedAt") FROM stdin;
1	MDQ6VXNlcjU0NzcwNg==	https://avatars0.githubusercontent.com/u/547706?v=4	contact@alexisjanvier.net	alexisjanvier	Alexis Janvier	2019-04-12 12:25:29.367+00	2019-04-12 12:25:29.367+00
2	MDQ6VXNlcjExMjIwNzY=	https://avatars2.githubusercontent.com/u/1122076?v=4		djhi	Gildas Garcia	2019-04-12 12:25:48.049+00	2019-04-12 12:25:48.049+00
3	MDQ6VXNlcjI1NjIyNzA=	https://avatars0.githubusercontent.com/u/2562270?v=4		floo51	Florian F.	2019-04-12 12:26:04.184+00	2019-04-12 12:26:04.184+00
4	MDQ6VXNlcjEwNjQ3ODA=	https://avatars0.githubusercontent.com/u/1064780?v=4	julien@marmelab.com	jdemangeon	Julien Demangeon	2019-04-12 12:26:20.571+00	2019-04-12 12:26:20.571+00
5	MDQ6VXNlcjk5OTQ0	https://avatars3.githubusercontent.com/u/99944?v=4		fzaninotto	Francois Zaninotto	2019-04-12 12:26:40.172+00	2019-04-12 12:26:40.172+00
6	MDQ6VXNlcjM5OTA0OTA2	https://avatars2.githubusercontent.com/u/39904906?v=4		JulienMattiussi	JulienM	2019-04-12 12:26:54.706+00	2019-04-12 12:26:54.706+00
7	MDQ6VXNlcjE4MTk4MzM=	https://avatars2.githubusercontent.com/u/1819833?v=4		Kmaschta	Kmaschta	2019-04-12 12:27:13.073+00	2019-04-12 12:27:13.073+00
8	MDQ6VXNlcjU1ODQ4Mzk=	https://avatars3.githubusercontent.com/u/5584839?v=4	adrien.amoros@gmail.com	Luwangel	Adrien Amoros	2019-04-12 12:27:27.539+00	2019-04-12 12:27:27.539+00
9	MDQ6VXNlcjEwOTAwMjU=	https://avatars3.githubusercontent.com/u/1090025?v=4	pierre-etienne.moreau@loria.fr	pemoreau	Pierre-Etienne Moreau	2019-04-12 12:27:41.842+00	2019-04-12 12:27:41.842+00
10	MDQ6VXNlcjQwMzQzOTk=	https://avatars2.githubusercontent.com/u/4034399?v=4		ThieryMichel		2019-04-12 12:27:58.883+00	2019-04-12 12:27:58.883+00
11	MDQ6VXNlcjIyMTIxNDQ=	https://avatars3.githubusercontent.com/u/2212144?v=4		zyhou	Maxime Richard	2019-04-12 12:28:15.538+00	2019-04-12 12:28:15.538+00
12	MDQ6VXNlcjkyNTA0NzA=	https://avatars3.githubusercontent.com/u/9250470?v=4	\N	Chroq	Chroq	2020-04-18 08:24:10.508+00	2020-04-18 08:24:10.508+00
13	MDQ6VXNlcjYwMzA5NDM=	https://avatars0.githubusercontent.com/u/6030943?v=4	\N	HALLERPierre	HALLERPierre	2020-04-18 08:24:10.509+00	2020-04-18 08:24:10.509+00
14	MDQ6VXNlcjYzMzA0MDg1	https://avatars1.githubusercontent.com/u/63304085?v=4	\N	jeremiegst	jeremiegst	2020-04-18 08:24:10.509+00	2020-04-18 08:24:10.509+00
15	MDQ6VXNlcjQ5MjE5MjY=	https://avatars3.githubusercontent.com/u/4921926?v=4	\N	mchaffotte	mchaffotte	2020-04-18 08:24:10.509+00	2020-04-18 08:24:10.509+00
16	MDQ6VXNlcjIzMTE2ODkw	https://avatars3.githubusercontent.com/u/23116890?v=4	\N	sedy-bot	sedy-bot	2020-04-18 08:24:10.509+00	2020-04-18 08:24:10.509+00
\.


--
-- Data for Name: repositories; Type: TABLE DATA; Schema: public; Owner: alexisjanvier
--

COPY public.repositories (id, "githubId", name, description, "primaryLanguage", languages, license, url, homepage, "starsNumber", "forkNumber", "openIssuesNumber", "openPullRequestsNumber", "watchersNumber", "isArchived", "isDisabled", "isLocked", "createdAt", "pushedAt", "updatedAt", decision, "isGame", done) FROM stdin;
23	MDEwOlJlcG9zaXRvcnkxMzEyNTE3Mzg=	flickr-image-downloader	Download FlickR classified images matching one (or more) given tag(s) in a few lines of code.	none	0	MIT License	https://github.com/marmelab/flickr-image-downloader	none	0	0	0	1	2	f	f	f	2018-04-27 05:55:42+00	2018-04-27 05:57:29+00	2019-04-17 16:45:31.212+00	archived	f	t
27	MDEwOlJlcG9zaXRvcnkxNDgxMTM0MDg=	pentago-go	no description	Go	4	none	https://github.com/marmelab/pentago-go	none	0	0	0	0	0	t	f	f	2018-09-10 07:04:34+00	2019-04-17 14:38:20+00	2019-04-17 14:38:58+00	onboarding	t	t
1	MDEwOlJlcG9zaXRvcnkxMjg0MTI2NjE=	fsharp-invader	F# Space Invader	Makefile	2	none	https://github.com/marmelab/fsharp-invader	none	0	0	0	0	0	t	f	f	2018-04-06 15:27:53+00	2019-04-17 16:18:40+00	2019-04-17 16:19:00+00	archived	t	t
122	MDEwOlJlcG9zaXRvcnk0NTgyOTM5Mw==	Posters_Galore_Android	no description	JavaScript	2	MIT License	https://github.com/marmelab/Posters_Galore_Android	none	11	2	1	0	11	t	f	f	2015-11-09 09:53:36+00	2019-04-17 14:54:13+00	2019-04-17 14:54:40+00	onboarding	f	t
154	MDEwOlJlcG9zaXRvcnkzMjAwNTM2OA==	ng-admin-react	Add a ReactJS admin GUI to any RESTful API. Deprecated: see admin-on-rest for a full rewrite	JavaScript	4	none	https://github.com/marmelab/ng-admin-react	http://marmelab.com/admin-on-rest/	551	67	0	0	551	t	f	f	2015-03-11 08:00:53+00	2019-05-04 07:25:12+00	2019-12-28 10:20:36+00	archived	f	t
39	MDEwOlJlcG9zaXRvcnkyMzgwODM0MA==	docker-phpunit-hhvm	no description	Shell	1	none	https://github.com/marmelab/docker-phpunit-hhvm	none	1	0	0	0	1	f	f	f	2014-09-08 21:06:27+00	2014-09-09 21:24:35+00	2016-05-17 15:30:03+00	publication	f	f
68	MDEwOlJlcG9zaXRvcnkxMDYyNTQ5NTc=	graphql-schema-from-json	Guess a GraphQL schema from json data	JavaScript	2	MIT License	https://github.com/marmelab/graphql-schema-from-json	none	151	22	2	2	151	f	f	f	2017-10-09 08:12:59+00	2020-03-14 00:01:14+00	2020-04-15 16:17:31+00	maintained	f	t
185	MDEwOlJlcG9zaXRvcnkxOTUxOTAzMTk=	quoridor-react-native	no description	JavaScript	0	MIT License	https://api.github.com/repos/marmelab/quoridor-react-native	none	0	0	3	0	0	f	f	f	2019-07-04 07:23:48+00	2020-03-16 09:24:09+00	2019-07-11 16:30:52+00	none	f	f
98	MDEwOlJlcG9zaXRvcnk4MDIyMjkwNw==	handless-pong	No arms, no chocolate, but play anyway	JavaScript	4	MIT License	https://github.com/marmelab/handless-pong	none	2	0	0	0	2	t	f	f	2017-01-27 16:14:20+00	2019-04-17 14:44:09+00	2019-04-17 14:44:32+00	archived	f	t
82	MDEwOlJlcG9zaXRvcnk2NDExODc5OA==	snake-solver-server	no description	Go	2	none	https://github.com/marmelab/snake-solver-server	none	0	1	1	1	0	t	f	f	2016-07-25 08:50:26+00	2019-04-17 16:45:57+00	2019-04-17 16:46:12+00	archived	f	t
103	MDEwOlJlcG9zaXRvcnk1MjI1NjI2OQ==	StarLiner	no description	JavaScript	3	none	https://github.com/marmelab/StarLiner	none	2	0	2	0	2	t	f	f	2016-02-22 07:46:53+00	2019-04-17 16:47:04+00	2019-04-17 16:47:22+00	archived	f	t
92	MDEwOlJlcG9zaXRvcnk0MzE1MTE5NQ==	restful-devtools	no description	JavaScript	2	MIT License	https://github.com/marmelab/restful-devtools	none	1	0	1	1	1	t	f	f	2015-09-25 14:48:44+00	2019-04-17 16:47:55+00	2019-04-17 16:48:11+00	archived	f	t
90	MDEwOlJlcG9zaXRvcnkzODg2OTg3Nw==	mobile-business-card	no description	JavaScript	2	none	https://github.com/marmelab/mobile-business-card	none	1	0	0	0	1	t	f	f	2015-07-10 08:29:29+00	2019-04-17 16:48:49+00	2019-04-17 16:49:04+00	archived	f	t
54	MDEwOlJlcG9zaXRvcnkyMzg1MDU1OQ==	docker-bower	no description	none	0	none	https://github.com/marmelab/docker-bower	none	9	2	0	0	9	f	f	f	2014-09-09 21:16:08+00	2016-04-06 06:48:30+00	2018-10-27 13:51:09+00	publication	f	f
55	MDEwOlJlcG9zaXRvcnkyMzgyOTEyNg==	docker-compass	no description	none	0	none	https://github.com/marmelab/docker-compass	none	10	7	1	0	10	f	f	f	2014-09-09 10:30:00+00	2018-07-09 12:39:10+00	2019-01-22 11:48:42+00	publication	f	f
73	MDEwOlJlcG9zaXRvcnkyMDE4NDI0OQ==	phpcr-browser.io	no description	none	0	none	https://github.com/marmelab/phpcr-browser.io	none	0	0	0	0	0	t	f	f	2014-05-26 11:39:13+00	2019-04-17 16:58:04+00	2019-04-17 16:58:17+00	archived	f	t
83	MDEwOlJlcG9zaXRvcnkxNjQ4NjY0MA==	gizu	no description	Perl	3	none	https://github.com/marmelab/gizu	none	1	0	0	0	1	t	f	f	2014-02-03 17:22:42+00	2019-04-17 16:52:05+00	2019-04-17 16:52:30+00	hackday	f	t
104	MDEwOlJlcG9zaXRvcnkxMTk4MjgzMg==	yeoman-include	no description	JavaScript	1	MIT License	https://github.com/marmelab/yeoman-include	none	3	1	0	0	3	t	f	f	2013-08-08 18:00:16+00	2019-04-17 16:53:03+00	2019-04-17 16:53:21+00	archived	f	t
110	MDEwOlJlcG9zaXRvcnkxMDU5NTIwNg==	AngularedMap	no description	JavaScript	1	none	https://github.com/marmelab/AngularedMap	none	4	0	0	0	4	t	f	f	2013-06-10 07:10:15+00	2013-06-10 08:22:38+00	2019-02-08 16:54:58+00	archived	f	t
91	MDEwOlJlcG9zaXRvcnkxMDU5NTE4NA==	DrawAMaze	no description	JavaScript	1	none	https://github.com/marmelab/DrawAMaze	none	1	0	0	0	1	t	f	f	2013-06-10 07:08:20+00	2013-06-25 11:43:19+00	2019-02-08 16:56:42+00	archived	f	t
133	MDEwOlJlcG9zaXRvcnkyOTkxNDMzMg==	gollabedit	Experimental collaborative editor written in Go	Go	4	none	https://github.com/marmelab/gollabedit	none	30	10	0	0	30	t	f	f	2015-01-27 13:03:47+00	2019-04-17 16:49:58+00	2020-01-21 15:36:07+00	hackday	f	t
141	MDEwOlJlcG9zaXRvcnkyMzg2MzY1NQ==	make-docker-command	Seamlessly execute commands (composer, bower, compass) in isolation using docker and make.	Makefile	1	MIT License	https://github.com/marmelab/make-docker-command	none	79	12	0	0	79	f	f	f	2014-09-10 06:38:29+00	2016-11-23 09:55:05+00	2020-03-17 14:12:19+00	publication	f	f
107	MDEwOlJlcG9zaXRvcnkyMjI1NTIwMg==	open-garduino	Monitor your plant health using Arduino and Node.js	JavaScript	2	none	https://github.com/marmelab/open-garduino	none	4	2	0	0	4	t	f	f	2014-07-25 11:54:20+00	2019-04-17 17:01:09+00	2019-11-28 15:30:39+00	publication	f	t
101	MDEwOlJlcG9zaXRvcnkyMjA5NDkzMQ==	genetic.js	no description	JavaScript	1	none	https://github.com/marmelab/genetic.js	none	2	0	0	0	2	t	f	f	2014-07-22 07:30:27+00	2019-04-17 16:59:00+00	2019-04-17 16:59:13+00	archived	f	t
111	MDEwOlJlcG9zaXRvcnkxOTE0NDgxNw==	gaudi.io	Gaudi.io website source	CSS	0	none	https://github.com/marmelab/gaudi.io	http://gaudi.io/	4	5	1	0	4	t	f	f	2014-04-25 12:11:12+00	2019-05-04 07:40:21+00	2019-05-04 07:40:37+00	archived	f	t
115	MDEwOlJlcG9zaXRvcnkxNTA3MTI3Nw==	phpcr-api-silex-provider	PHPCR API Silex Provider provides a REST access to marmelab/phpcr-api	PHP	1	none	https://github.com/marmelab/phpcr-api-silex-provider	none	6	2	0	0	6	t	f	f	2013-12-10 08:30:10+00	2019-05-04 07:45:02+00	2019-05-04 07:45:25+00	archived	f	t
127	MDEwOlJlcG9zaXRvcnkxNDEzNzY5OQ==	docker-parallel-phpunit-demo	How to use Docker to run PHPUnit tests in parallel	PHP	3	MIT License	https://github.com/marmelab/docker-parallel-phpunit-demo	none	12	2	0	0	12	t	f	f	2013-11-05 09:50:26+00	2019-04-17 17:00:29+00	2019-04-17 17:00:43+00	publication	f	t
93	MDEwOlJlcG9zaXRvcnkxMTUyMjg2NA==	SenseiDetector	Experimental Boss Detection System with facial recogition, built with NinjaBlocks, Socket.io, and Node.js	JavaScript	1	none	https://github.com/marmelab/SenseiDetector	none	1	1	0	0	1	t	f	f	2013-07-19 07:47:34+00	2019-04-17 17:01:57+00	2019-04-17 17:02:13+00	publication	f	t
139	MDEwOlJlcG9zaXRvcnk5OTgwODg2	Raphael.InlineTextEditing	Raphael Plugin allowing inline edition of SVG text elements	JavaScript	1	MIT License	https://github.com/marmelab/Raphael.InlineTextEditing	none	52	25	3	1	18	f	f	f	2013-05-10 12:22:00+00	2014-08-15 15:08:35+00	2019-04-15 13:40:55.754+00	publication	f	f
174	MDEwOlJlcG9zaXRvcnkyMTU5NjQ3OTE=	web-myna	Record then emulate your api.s for testing and development	JavaScript	0	MIT License	https://api.github.com/repos/marmelab/web-myna	none	7	0	2	0	7	f	f	f	2019-10-18 07:21:30+00	2020-04-06 12:10:35+00	2020-03-11 09:22:34+00	none	f	f
145	MDEwOlJlcG9zaXRvcnkzMTY2ODY0Nw==	ng-admin-postgrest	Demo of an integration between ng-admin and PostgREST	JavaScript	3	none	https://github.com/marmelab/ng-admin-postgrest	http://marmelab.com/ng-admin-postgrest	108	16	4	1	108	t	f	f	2015-03-04 17:00:52+00	2019-05-04 07:37:44+00	2020-02-23 16:32:39+00	archived	f	t
156	MDEwOlJlcG9zaXRvcnkyOTU4ODQ4MQ==	restful.js	A pure JS client for interacting with server-side RESTful resources. Think Restangular without Angular.	JavaScript	2	MIT License	https://github.com/marmelab/restful.js	none	969	83	23	1	969	t	f	f	2015-01-21 12:30:03+00	2019-05-04 07:29:39+00	2020-03-27 07:53:15+00	archived	f	t
146	MDEwOlJlcG9zaXRvcnkyMjI2MTE4OQ==	tree.js	Tree.js is a JavaScript library to build and manipulate hookable trees.	JavaScript	2	none	https://github.com/marmelab/tree.js	none	138	20	2	1	138	t	f	f	2014-07-25 15:16:03+00	2019-04-17 15:08:25+00	2019-12-31 21:59:25+00	archived	f	t
155	MDEwOlJlcG9zaXRvcnkxNTY4MDE3NA==	gaudi	Gaudi allows to share multi-component applications, based on Docker, Go, and YAML.	Go	7	MIT License	https://github.com/marmelab/gaudi	http://gaudi.io/	575	32	9	0	575	t	f	f	2014-01-06 17:25:16+00	2019-05-04 07:44:19+00	2019-11-25 15:46:24+00	archived	f	t
151	MDEwOlJlcG9zaXRvcnkzMjgxNDU4MQ==	FakeRest	Patch fetch/XMLHttpRequest to fake a REST API server in the browser, based on JSON data.	JavaScript	3	MIT License	https://github.com/marmelab/FakeRest	none	320	32	6	2	320	f	f	f	2015-03-24 17:38:54+00	2020-04-02 13:04:26+00	2020-04-08 04:44:41+00	maintained	f	t
147	MDEwOlJlcG9zaXRvcnkyODgwNDYxOA==	ArchitectureTree	Draw and share your software architecture without diagramming software. Uses d3.js and Angular.js.	JavaScript	3	MIT License	https://github.com/marmelab/ArchitectureTree	http://marmelab.com/ArchitectureTree/	205	79	0	0	205	t	f	f	2015-01-05 08:49:35+00	2019-05-04 07:34:10+00	2020-03-26 01:10:40+00	archived	f	t
143	MDEwOlJlcG9zaXRvcnkxOTIzMjMyNQ==	ArcheoloGit	Where should you focus the maintenance efforts? ArcheoloGit is a visualization of age and dev activity for software, powered by d3.js.	JavaScript	3	MIT License	https://github.com/marmelab/ArcheoloGit	none	94	9	0	0	94	f	f	f	2014-04-28 08:43:36+00	2014-07-24 13:07:08+00	2020-02-08 22:15:43+00	publication	f	f
144	MDEwOlJlcG9zaXRvcnkxNDkwMDY5OQ==	phpcr-browser	Web interface for browsing PHPCR repositories, using Silex and AngularJS	CSS	8	MIT License	https://github.com/marmelab/phpcr-browser	none	103	12	2	0	103	t	f	f	2013-12-03 17:26:22+00	2019-05-04 07:33:19+00	2019-11-05 02:45:14+00	archived	f	t
175	MDEwOlJlcG9zaXRvcnkyMTU1NTQyMzE=	mml	Fake Marmelab Design System for StencilJS Exploration	TypeScript	0	MIT License	https://api.github.com/repos/marmelab/mml	none	0	2	0	0	0	f	f	f	2019-10-16 13:24:13+00	2020-04-07 08:57:52+00	2020-04-07 08:57:51+00	none	f	f
63	MDEwOlJlcG9zaXRvcnkxMDM5MDM5NTM=	react-md-motion	Material design motions with react	JavaScript	3	none	https://github.com/marmelab/react-md-motion	none	49	10	0	0	49	t	f	f	2017-09-18 06:57:26+00	2019-04-17 14:45:35+00	2020-03-04 03:23:22+00	publication	f	t
81	MDEwOlJlcG9zaXRvcnkzNDEyNDg2Mg==	build-my-commit	Launch a build command on a codebase each time a change is pushed	Go	2	none	https://github.com/marmelab/build-my-commit	none	0	0	2	2	0	t	f	f	2015-04-17 15:40:19+00	2019-04-17 14:57:15+00	2019-04-17 14:57:37+00	hackday	f	t
140	MDEwOlJlcG9zaXRvcnkxMzUwMjcyOA==	phpunit-d3-report	Visualize the slowest parts of a PHPUnit testsuite using d3.js	JavaScript	2	MIT License	https://github.com/marmelab/phpunit-d3-report	http://marmelab.com/phpunit-d3-report/	79	10	3	0	79	t	f	f	2013-10-11 15:39:14+00	2019-05-04 07:46:56+00	2020-04-10 22:28:36+00	archived	f	t
124	MDEwOlJlcG9zaXRvcnkxMDM1Nzk0Mg==	MobileAudience	Mobile Webapp mixing D3.js with a touch UI ; shows TV audiences and market shares for 8 fictive TV channels across several days.	JavaScript	2	none	https://github.com/marmelab/MobileAudience	http://marmelab.github.io/MobileAudience/	12	4	0	0	14	f	f	f	2013-05-29 11:09:33+00	2014-10-30 11:04:05+00	2019-04-15 13:39:00.518+00	publication	f	f
57	MDEwOlJlcG9zaXRvcnk5NDc5MjcyMQ==	svg_to_png	Convert an SVG file to a PNG image. Uses headless Chrome for rendering.	JavaScript	2	none	https://github.com/marmelab/svg_to_png	none	11	2	3	2	11	t	f	f	2017-06-19 15:34:18+00	2019-04-17 15:07:22+00	2019-04-17 15:07:39+00	archived	f	t
99	MDEwOlJlcG9zaXRvcnkyOTkxMzk0OQ==	gosay	A cowsay in #golang... small experiment to start using Go.	Go	1	none	https://github.com/marmelab/gosay	none	2	1	0	0	2	t	f	f	2015-01-27 12:53:04+00	2019-04-17 14:21:19+00	2019-04-17 14:21:32+00	archived	f	t
176	MDEwOlJlcG9zaXRvcnkyMTIyNzc0MTA=	dedale	A wood labyrinth game in the browser	JavaScript	0	none	https://api.github.com/repos/marmelab/dedale	none	0	0	2	0	0	f	f	f	2019-10-02 07:15:13+00	2020-04-05 06:31:34+00	2020-02-06 11:59:29+00	none	f	f
177	MDEwOlJlcG9zaXRvcnkyMTA4NjQ0OTE=	ra-example-oauth	An example of OpenID Connect implementation on React Admin	JavaScript	0	MIT License	https://api.github.com/repos/marmelab/ra-example-oauth	https://marmelab.com/ra-example-oauth/	14	4	3	0	14	f	f	f	2019-09-25 14:23:45+00	2020-03-14 07:22:53+00	2020-04-16 21:31:22+00	none	f	f
119	MDEwOlJlcG9zaXRvcnk3NzkzNTk5OA==	aor-json-rest-client	A local REST client for admin-on-rest	JavaScript	2	MIT License	https://github.com/marmelab/aor-json-rest-client	none	10	4	0	0	10	t	f	f	2017-01-03 16:56:16+00	2019-05-04 07:31:36+00	2019-06-24 04:58:26+00	archived	f	t
96	MDEwOlJlcG9zaXRvcnk1OTU3OTY0NA==	snake_solver_one	Attempt #1 to solve the snake game - using pathfinding, in Python	Python	2	MIT License	https://github.com/marmelab/snake_solver_one	none	2	1	0	0	2	f	f	f	2016-05-24 14:19:52+00	2016-08-16 07:04:18+00	2017-12-14 12:54:13+00	onboarding	f	f
117	MDEwOlJlcG9zaXRvcnkzMzU0OTY4MQ==	dobble	Generate a valid deck of cards for Dobble in ECMAScript6	JavaScript	2	MIT License	https://github.com/marmelab/dobble	none	9	0	0	0	9	t	f	f	2015-04-07 14:54:40+00	2019-04-17 14:59:21+00	2020-01-06 16:46:19+00	onboarding	t	t
178	MDEwOlJlcG9zaXRvcnkyMTA4MTI2MjM=	lazy-start	Lazily start a web server the first time it is requested	JavaScript	0	MIT License	https://api.github.com/repos/marmelab/lazy-start	none	0	0	1	0	0	f	f	f	2019-09-25 09:58:31+00	2020-04-06 04:56:08+00	2019-09-25 11:58:53+00	none	f	f
48	MDEwOlJlcG9zaXRvcnk4MzAyMTM4Nw==	selenium-smart-wait	no description	JavaScript	3	MIT License	https://github.com/marmelab/selenium-smart-wait	none	6	0	1	1	6	t	f	f	2017-02-24 08:51:18+00	2019-04-17 15:05:42+00	2019-04-17 15:05:57+00	archived	f	t
84	MDEwOlJlcG9zaXRvcnk4MDUwMTIxOA==	awale-python	no description	Python	2	none	https://github.com/marmelab/awale-python	none	1	4	0	0	1	t	f	f	2017-01-31 07:54:10+00	2019-04-17 14:20:19+00	2019-04-17 14:21:00+00	onboarding	t	t
114	MDEwOlJlcG9zaXRvcnk3MzEwMjQ2Nw==	sg	Side Effect Handling library - Think Redux-Saga without Redux	JavaScript	1	MIT License	https://github.com/marmelab/sg	none	6	2	1	1	6	t	f	f	2016-11-07 17:14:24+00	2019-04-17 14:06:26+00	2019-04-17 14:07:05+00	hackday	f	t
179	MDEwOlJlcG9zaXRvcnkyMDgyOTIzODY=	posters-ts-ra-tutorial	Experiment React-admin and Typescript	TypeScript	0	none	https://api.github.com/repos/marmelab/posters-ts-ra-tutorial	none	1	0	1	0	1	f	f	f	2019-09-13 15:24:37+00	2019-09-23 15:57:41+00	2019-10-20 06:20:29+00	none	f	f
56	MDEwOlJlcG9zaXRvcnkxMjAwMDkxNzg=	reversi-reason	:dromedary_camel: ReasonML implementation of Reversi Game	OCaml	5	none	https://github.com/marmelab/reversi-reason	https://marmelab.com/reversi-reason/	13	2	0	0	13	t	f	f	2018-02-02 17:14:18+00	2019-04-17 16:17:35+00	2020-02-25 02:03:48+00	publication	t	t
87	MDEwOlJlcG9zaXRvcnk3MjQ3NTMyOA==	reversi-go	no description	Go	2	MIT License	https://github.com/marmelab/reversi-go	none	1	0	2	2	1	t	f	f	2016-10-31 20:30:07+00	2019-04-17 16:23:22+00	2019-04-17 16:24:05+00	onboarding	t	t
100	MDEwOlJlcG9zaXRvcnkxMjcyNDMxNg==	SonataRestAdminBundle	Integrates any REST web service into the Admin Bundle	PHP	1	none	https://github.com/marmelab/SonataRestAdminBundle	none	2	0	0	0	2	t	f	f	2013-09-10 08:31:28+00	2019-05-04 07:35:51+00	2019-05-04 07:36:09+00	archived	f	t
190	MDEwOlJlcG9zaXRvcnkxOTI0ODcxNTE=	quixo-react-native	Quixo Game Using React Native	JavaScript	0	MIT License	https://api.github.com/repos/marmelab/quixo-react-native	none	0	0	2	0	0	t	f	f	2019-06-18 07:18:35+00	2019-12-28 16:12:22+00	2020-01-14 13:13:50+00	none	f	f
15	MDEwOlJlcG9zaXRvcnk4NDE3NDQzMg==	awale-tensorflow	no description	Python	2	none	https://github.com/marmelab/awale-tensorflow	none	1	0	1	1	1	t	f	f	2017-03-07 08:31:07+00	2019-04-17 13:39:46+00	2019-05-17 14:03:16+00	onboarding	t	t
95	MDEwOlJlcG9zaXRvcnkxMjMwODIzNg==	menu-o-matic	Create and manage menus using a WYSIWYG interface	JavaScript	2	none	https://github.com/marmelab/menu-o-matic	http://marmelab.github.io/menu-o-matic/	1	0	1	1	1	f	f	f	2013-08-22 21:19:47+00	2014-08-28 08:16:49+00	2016-02-26 05:59:27+00	publication	f	f
58	MDEwOlJlcG9zaXRvcnk5MDcxODYxMQ==	aor-realtime	no description	JavaScript	2	MIT License	https://github.com/marmelab/aor-realtime	none	17	3	0	0	17	t	f	f	2017-05-09 07:56:16+00	2019-04-17 14:55:29+00	2019-04-17 14:55:41+00	archived	f	t
74	MDEwOlJlcG9zaXRvcnk2NzQyMjEyNg==	connect-four-go	no description	Go	2	MIT License	https://github.com/marmelab/connect-four-go	none	0	0	0	0	0	t	f	f	2016-09-05 13:12:16+00	2019-04-17 14:41:00+00	2019-04-17 14:41:29+00	onboarding	t	t
80	MDEwOlJlcG9zaXRvcnkyNDEzNjI5Mg==	go-deploy	A webservice commenting all pull requests contained on a deployment to a given target. 	Go	1	none	https://github.com/marmelab/go-deploy	none	0	0	8	0	0	t	f	f	2014-09-17 08:26:44+00	2019-04-17 11:35:05+00	2019-04-17 14:28:31+00	onboarding	f	t
180	MDEwOlJlcG9zaXRvcnkyMDYxMTQ5MzE=	mongo-serverless-s3-rolling-backup	Serverless scheduled rolling backups from mongo to s3	JavaScript	0	MIT License	https://api.github.com/repos/marmelab/mongo-serverless-s3-rolling-backup	none	0	0	0	0	0	f	f	f	2019-09-03 15:49:59+00	2019-09-03 15:52:25+00	2019-09-03 15:52:27+00	none	f	f
181	MDEwOlJlcG9zaXRvcnkyMDIxMzQzOTk=	posters-ra-tutorial	Experimenting  react-admin	JavaScript	0	none	https://api.github.com/repos/marmelab/posters-ra-tutorial	none	1	0	1	0	1	f	f	f	2019-08-13 11:58:20+00	2019-11-02 02:29:03+00	2019-12-09 09:09:26+00	none	f	f
182	MDEwOlJlcG9zaXRvcnkyMDEwNzQxNDE=	reactive-beers	Reactive Beers is an example application using CouchDB and PouchDB	JavaScript	0	none	https://api.github.com/repos/marmelab/reactive-beers	none	6	2	0	0	6	f	f	f	2019-08-07 15:08:40+00	2019-10-28 13:02:30+00	2020-02-16 09:04:11+00	none	f	f
47	MDEwOlJlcG9zaXRvcnkxMDQ1NzM5OTU=	laurel	:herb: Laurel is a CLI binary tool which provide Caesar Cipher capabilities.	Crystal	2	MIT License	https://github.com/marmelab/laurel	none	6	0	0	0	6	t	f	f	2017-09-23 14:34:22+00	2019-04-17 16:28:42+00	2019-10-11 19:05:35+00	publication	f	t
78	MDEwOlJlcG9zaXRvcnk2Nzk4NjA1MA==	connect-four-react-native	no description	JavaScript	5	none	https://github.com/marmelab/connect-four-react-native	none	0	1	0	0	0	t	f	f	2016-09-12 07:26:56+00	2019-04-17 14:42:01+00	2019-04-17 14:42:30+00	onboarding	f	t
132	MDEwOlJlcG9zaXRvcnkyNDEzNjM4MQ==	MobileInsight	A Mobile web app to browse PHP code analyses made by SensioLabsInsight, built with Angular.js and Ionic.	JavaScript	2	MIT License	https://github.com/marmelab/MobileInsight	none	25	11	0	0	25	t	f	f	2014-09-17 08:29:47+00	2019-04-17 14:31:19+00	2019-08-13 15:50:53+00	onboarding	f	t
94	MDEwOlJlcG9zaXRvcnkxMDE4MTQxNA==	FollowerGraph	Graph Twitter followers using d3.js	JavaScript	1	none	https://github.com/marmelab/FollowerGraph	none	1	1	0	0	13	t	f	f	2013-05-20 20:35:44+00	2013-05-22 16:31:44+00	2019-05-04 07:26:52.432+00	archived	f	t
134	MDEwOlJlcG9zaXRvcnkzNTg2NjMxOA==	admin-config	Configuration API to describe an administration interface. Used by ng-admin and react-admin.	JavaScript	2	none	https://github.com/marmelab/admin-config	none	34	54	11	5	34	t	f	f	2015-05-19 07:28:03+00	2018-06-27 16:16:30+00	2019-01-21 14:49:13+00	archived	f	t
102	MDEwOlJlcG9zaXRvcnkyNTg3OTM2OA==	gotree	no description	Go	1	none	https://github.com/marmelab/gotree	none	2	0	0	0	2	t	f	f	2014-10-28 16:40:08+00	2019-04-17 11:32:47+00	2019-04-17 14:29:15+00	onboarding	f	t
118	MDEwOlJlcG9zaXRvcnkxMDU5NTE0Nw==	Asteroids.js	A one day experiment to bringing the Asteroids game to the browser, using a mobile device as controller, Node.js, Raphaël, and socket.io.	JavaScript	1	none	https://github.com/marmelab/Asteroids.js	none	8	2	0	0	8	t	f	f	2013-06-10 07:05:36+00	2013-06-12 07:48:24+00	2019-02-08 16:55:22+00	archived	f	t
52	MDEwOlJlcG9zaXRvcnkxMjA2NDU2MjI=	gql-profiler	A standalone performance profiler for GraphQL resolvers	JavaScript	3	MIT License	https://github.com/marmelab/gql-profiler	none	9	0	1	0	9	t	f	f	2018-02-07 17:09:26+00	2019-04-17 14:30:33+00	2019-04-17 14:32:09+00	transmitted	f	t
109	MDEwOlJlcG9zaXRvcnk2ODgxMjc2Mw==	connect-four-tensorflow	Connect four solver using neural networks and tensorflow	Python	2	none	https://github.com/marmelab/connect-four-tensorflow	none	4	5	2	0	4	t	f	f	2016-09-21 12:04:24+00	2019-04-17 14:43:00+00	2019-04-17 14:43:36+00	onboarding	f	t
183	MDEwOlJlcG9zaXRvcnkxOTczNDI0MjE=	sticky-header	An angularjs directive for making headers that don't scroll past the top of the screen.	JavaScript	0	MIT License	https://api.github.com/repos/marmelab/sticky-header	none	0	0	0	0	0	f	f	f	2019-07-17 07:54:36+00	2019-07-17 08:09:15+00	2019-07-17 08:09:16+00	none	f	f
191	MDEwOlJlcG9zaXRvcnkxOTIyMTMxODA=	os-project-in-your-company	Code of the demo part of the talk conducted in RennesJs on June 20, 2019.	JavaScript	0	GNU General Public License v3.0	https://api.github.com/repos/marmelab/os-project-in-your-company	none	1	0	0	0	1	f	f	f	2019-06-16 16:28:40+00	2020-04-05 15:16:11+00	2020-04-05 15:16:10+00	none	f	f
26	MDEwOlJlcG9zaXRvcnkxMTA1NDY2OTY=	comfygure-admin	Admin GUI for comfygure	JavaScript	3	MIT License	https://github.com/marmelab/comfygure-admin	none	0	0	1	0	0	t	f	f	2017-11-13 12:40:30+00	2019-04-17 14:51:34+00	2019-04-17 14:52:23+00	archived	f	t
135	MDEwOlJlcG9zaXRvcnkyNTQ1ODI3Mw==	koa-multifetch	A Koa.js middleware for performing internal batch requests	JavaScript	1	MIT License	https://github.com/marmelab/koa-multifetch	none	37	1	3	1	37	t	f	f	2014-10-20 08:54:04+00	2019-04-17 14:22:10+00	2019-12-16 08:47:31+00	archived	f	t
184	MDEwOlJlcG9zaXRvcnkxOTY5NDM4MjA=	posters-galore-react	A reimplementation of the Posters Galore demo app for react-admin	JavaScript	0	MIT License	https://api.github.com/repos/marmelab/posters-galore-react	https://marmelab.com/posters-galore-react/#/customers	0	0	4	0	0	f	f	f	2019-07-15 07:07:35+00	2020-03-15 11:42:53+00	2019-12-20 18:42:35+00	none	f	f
33	MDEwOlJlcG9zaXRvcnkxMTE4MTcxMDc=	15-puzzle-isomorphic	A react app to play the 15 puzzle game in browser	JavaScript	3	MIT License	https://github.com/marmelab/15-puzzle-isomorphic	none	1	0	2	2	1	t	f	f	2017-11-23 14:10:17+00	2019-04-18 08:14:15+00	2019-04-18 08:15:05+00	onboarding	t	t
22	MDEwOlJlcG9zaXRvcnkxMDc1MDg1MDc=	15-puzzle-go	A CLI tool to play the 15-puzzle game, in Go	Go	2	MIT License	https://github.com/marmelab/15-puzzle-go	none	0	0	1	1	0	t	f	f	2017-10-19 06:47:31+00	2019-04-18 08:33:15+00	2019-04-18 08:33:46+00	onboarding	t	t
6	MDEwOlJlcG9zaXRvcnk4MTkxODY0MQ==	awale-symfony	Awale Slack Bot running on symfony + Go	PHP	4	MIT License	https://github.com/marmelab/awale-symfony	none	0	1	0	0	0	t	f	f	2017-02-14 07:37:36+00	2019-04-17 14:18:50+00	2019-04-17 14:19:29+00	onboarding	t	t
129	MDEwOlJlcG9zaXRvcnk2NjYzMjA1Nw==	battery-friendly-timer	Mobile applications using setInterval to poll a server are a battery hogs. Save battery life by fetching data at the right moment.	JavaScript	2	MIT License	https://github.com/marmelab/battery-friendly-timer	none	23	2	0	0	23	f	f	f	2016-08-26 08:46:00+00	2017-01-12 08:58:26+00	2020-03-27 11:13:38+00	publication	f	f
160	MDEwOlJlcG9zaXRvcnkyMDA1OTM2MQ==	ng-admin	Add an AngularJS admin GUI to any RESTful API	JavaScript	5	MIT License	https://github.com/marmelab/ng-admin	http://ng-admin-book.marmelab.com/	3993	759	111	27	3993	f	f	f	2014-05-22 12:00:10+00	2019-03-29 07:08:33+00	2020-04-14 22:31:37+00	transmitted	f	f
42	MDEwOlJlcG9zaXRvcnkxNjExNjExMDc=	twelve-app-conf-sandbox	This repository contains the code used to illustrate a number of questions, and the answers given at a given time, by applications designed as a service.	JavaScript	3	none	https://github.com/marmelab/twelve-app-conf-sandbox	none	2	0	0	0	3	f	f	f	2018-12-10 11:00:11+00	2018-12-10 11:18:18+00	2019-04-17 12:51:33.215+00	archived	f	t
186	MDEwOlJlcG9zaXRvcnkxOTM4NTMzMDM=	quoridor-go	no description	Go	0	MIT License	https://api.github.com/repos/marmelab/quoridor-go	none	0	0	1	0	0	f	f	f	2019-06-26 07:33:29+00	2019-07-12 09:55:12+00	2019-07-03 12:43:10+00	none	f	f
187	MDEwOlJlcG9zaXRvcnkxOTM3MTc0MTg=	quixo-isomorphic	no description	JavaScript	0	MIT License	https://api.github.com/repos/marmelab/quixo-isomorphic	none	0	0	1	0	0	t	f	f	2019-06-25 13:52:41+00	2019-11-02 02:28:49+00	2020-01-14 13:13:25+00	none	f	f
7	MDEwOlJlcG9zaXRvcnkxNDkwODQ1OTI=	pentago-native	no description	JavaScript	2	none	https://github.com/marmelab/pentago-native	none	0	0	0	0	0	t	f	f	2018-09-17 07:17:11+00	2019-04-17 11:24:39+00	2019-04-17 11:26:58+00	onboarding	t	t
59	MDEwOlJlcG9zaXRvcnkxMjk5NjMwMDc=	react-admin-demo	Source of the react-admin react.js demo, using a dummy REST service powered by FakeRest	none	0	none	https://github.com/marmelab/react-admin-demo	https://marmelab.com/react-admin-demo	28	16	2	0	28	f	f	f	2018-04-17 20:44:55+00	2020-04-10 14:45:28+00	2020-03-17 00:21:07+00	maintained	f	t
9	MDEwOlJlcG9zaXRvcnkxMzg3MTgxMjI=	quarto-android	Quarto game in react-native for Android	JavaScript	2	none	https://github.com/marmelab/quarto-android	none	0	0	0	0	0	t	f	f	2018-06-26 09:49:10+00	2019-04-17 16:37:26+00	2019-04-17 16:37:46+00	onboarding	t	t
71	MDEwOlJlcG9zaXRvcnkzNjAxNjg4Nw==	marcell	no description	HTML	4	none	https://github.com/marmelab/marcell	none	1	0	0	0	1	t	f	f	2015-05-21 14:17:53+00	2019-05-04 07:37:08+00	2019-06-19 16:46:43+00	archived	f	t
188	MDEwOlJlcG9zaXRvcnkxOTMwNjIwODE=	polyglot-po	CLI and library to convert polyglot json files to po and vice-versa	JavaScript	0	Apache License 2.0	https://api.github.com/repos/marmelab/polyglot-po	none	4	0	1	0	4	f	f	f	2019-06-21 08:34:26+00	2019-10-28 13:16:21+00	2019-10-28 13:16:22+00	none	f	f
10	MDEwOlJlcG9zaXRvcnk4NjMzMDI0Ng==	awale-isomorphic	no description	JavaScript	2	none	https://github.com/marmelab/awale-isomorphic	none	0	0	1	1	0	t	f	f	2017-03-27 12:02:31+00	2019-04-17 13:38:08+00	2019-04-17 13:39:04+00	onboarding	t	t
89	MDEwOlJlcG9zaXRvcnk0MzE1MTI0Ng==	co-event	no description	JavaScript	1	none	https://github.com/marmelab/co-event	none	1	0	0	0	1	t	f	f	2015-09-25 14:49:16+00	2019-04-17 14:10:31+00	2019-04-17 14:11:08+00	hackday	f	t
148	MDEwOlJlcG9zaXRvcnkyODAzMDcwNA==	microrest.php	A micro web application providing a REST API on top of any relational database, using Silex and Doctrine DBAL	PHP	5	MIT License	https://github.com/marmelab/microrest.php	http://marmelab.com/blog/2015/01/05/introducing-microrest-raml-api-in-silex.html	190	24	8	4	190	t	f	f	2014-12-15 09:58:20+00	2019-04-17 11:30:05+00	2020-01-24 16:50:31+00	archived	f	t
189	MDEwOlJlcG9zaXRvcnkxOTI2ODM5NjM=	quoridor-java	no description	Java	0	MIT License	https://api.github.com/repos/marmelab/quoridor-java	none	0	0	1	0	0	f	f	f	2019-06-19 07:43:24+00	2019-06-25 13:22:03+00	2019-06-25 09:28:34+00	none	f	f
202	MDEwOlJlcG9zaXRvcnk4MDg5NzgyMQ==	polyglot.js	Give your JavaScript the ability to speak many languages.	JavaScript	0	Other	https://api.github.com/repos/marmelab/polyglot.js	http://airbnb.github.io/polyglot.js	0	1	0	0	0	f	f	f	2017-02-04 06:06:13+00	2017-02-04 06:08:29+00	2017-04-28 05:31:38+00	none	f	f
13	MDEwOlJlcG9zaXRvcnk4MjkxNTE3Ng==	awale-android	no description	JavaScript	5	MIT License	https://github.com/marmelab/awale-android	none	0	1	0	0	0	t	f	f	2017-02-23 10:21:39+00	2019-04-17 13:41:11+00	2019-04-17 13:42:01+00	onboarding	t	t
125	MDEwOlJlcG9zaXRvcnk0MzE1MTI3Ng==	coPostgresQuery	Query builder for PostgreSQL in Node.js, built for async	JavaScript	3	none	https://github.com/marmelab/coPostgresQuery	none	12	2	1	0	12	t	f	f	2015-09-25 14:49:39+00	2019-04-17 14:01:52+00	2019-04-17 14:02:07+00	archived	f	t
62	MDEwOlJlcG9zaXRvcnk5MTMwODc1Mg==	aor-permissions	A component for Admin-on-rest allowing to switch views depending on user permissions. Eg: having different PostEdit components for different users	JavaScript	2	MIT License	https://github.com/marmelab/aor-permissions	none	43	3	0	0	43	t	f	f	2017-05-15 07:39:14+00	2019-04-17 14:54:32+00	2019-11-12 17:14:49+00	archived	f	t
159	MDEwOlJlcG9zaXRvcnkzNTIwNDIzNQ==	awesome-rest	A collaborative list of great resources about RESTful API architecture, development, test, and performance	none	0	none	https://github.com/marmelab/awesome-rest	none	2418	305	9	7	2418	f	f	f	2015-05-07 07:04:42+00	2020-03-10 14:28:16+00	2020-04-17 22:34:07+00	maintained	f	t
167	MDEwOlJlcG9zaXRvcnkyMzg0ODkyMzk=	Othello-VR	Othello implementation with react-360	JavaScript	0	none	https://api.github.com/repos/marmelab/Othello-VR	https://othello-vr.now.sh/	0	0	0	0	0	f	f	f	2020-02-05 15:55:27+00	2020-02-05 16:08:44+00	2020-03-15 18:55:25+00	none	f	f
203	MDEwOlJlcG9zaXRvcnk1NTIzMDE4Mg==	lrStickyHeader	make table headers sticky 	HTML	0	MIT License	https://api.github.com/repos/marmelab/lrStickyHeader	none	0	1	0	0	0	f	f	f	2016-04-01 12:16:28+00	2016-04-01 13:01:56+00	2016-04-01 12:16:28+00	none	f	f
204	MDEwOlJlcG9zaXRvcnk1Mjc5MzEzNw==	node-ratelimiter	Abstract rate limiter for nodejs	JavaScript	0	none	https://api.github.com/repos/marmelab/node-ratelimiter	none	1	0	1	0	1	f	f	f	2016-02-29 13:32:14+00	2016-10-07 11:57:02+00	2016-08-29 08:21:34+00	none	f	f
205	MDEwOlJlcG9zaXRvcnk1MjU0NTI5MQ==	koa-ratelimiter	Rate limiter middleware for Koa.js	JavaScript	0	none	https://api.github.com/repos/marmelab/koa-ratelimiter	none	5	1	0	0	5	f	f	f	2016-02-25 17:56:30+00	2016-03-16 10:23:46+00	2017-12-03 12:25:09+00	none	f	f
65	MDEwOlJlcG9zaXRvcnk5OTY2OTQ1Mg==	GraphQL-example	An example code structure for a GraphQL-powered mobile app. Contains client and server code.	JavaScript	4	MIT License	https://github.com/marmelab/GraphQL-example	https://marmelab.com/blog/2017/09/03/dive-into-graphql.html	76	33	1	0	76	t	f	f	2017-08-08 08:28:26+00	2019-04-17 15:00:21+00	2020-03-17 08:52:31+00	hackday	f	t
126	MDEwOlJlcG9zaXRvcnkyMzEwMTg1MQ==	ng-tree	An Angular.js module for using tree.js	JavaScript	2	none	https://github.com/marmelab/ng-tree	none	12	4	0	0	12	t	f	f	2014-08-19 08:00:07+00	2019-04-17 15:02:11+00	2019-04-17 15:02:38+00	archived	f	t
168	MDEwOlJlcG9zaXRvcnkyMzQwODM0MTE=	foss-github-status	Status Header Collection for Archived Open-Source Projects	none	0	MIT License	https://api.github.com/repos/marmelab/foss-github-status	none	0	0	0	0	0	f	f	f	2020-01-15 13:10:49+00	2020-01-15 13:31:26+00	2020-01-15 13:32:32+00	maintained	f	f
66	MDEwOlJlcG9zaXRvcnk5Mjc0NDkzMA==	sketch-by-phone	A proof-of-concept of Augmented Reality with HTML5	JavaScript	3	MIT License	https://github.com/marmelab/sketch-by-phone	https://sketch-by-phone.now.sh/	93	35	3	0	93	t	f	f	2017-05-29 13:57:10+00	2019-04-17 15:06:26+00	2020-02-16 11:09:59+00	archived	f	t
106	MDEwOlJlcG9zaXRvcnk3NDk1NzIyMQ==	reversi-react	no description	JavaScript	3	MIT License	https://github.com/marmelab/reversi-react	none	4	0	0	0	4	t	f	f	2016-11-28 09:28:42+00	2019-04-17 16:26:50+00	2019-12-05 13:44:10+00	onboarding	t	t
142	MDEwOlJlcG9zaXRvcnkzMDg2NDk3MQ==	NgAdminGeneratorBundle	Generate a client-side admin backend for Symfony2 applications, powered by ng-admin and LemonRestBundle	PHP	2	MIT License	https://github.com/marmelab/NgAdminGeneratorBundle	none	77	12	7	1	77	t	f	f	2015-02-16 11:15:32+00	2019-05-04 07:39:23+00	2019-08-13 16:03:11+00	archived	f	t
206	MDEwOlJlcG9zaXRvcnkzMDMxMDU1NA==	builtwith.angularjs.org	builtwith.angularjs.org	JavaScript	0	none	https://api.github.com/repos/marmelab/builtwith.angularjs.org	none	0	0	0	0	0	f	f	f	2015-02-04 17:09:32+00	2015-02-04 17:21:55+00	2015-02-04 17:09:33+00	none	f	f
128	MDEwOlJlcG9zaXRvcnkzMzkxODUwMA==	uptime	A prototype of website monitoring tool, written in Go and React.js, modeled after fzaninotto/uptime	JavaScript	5	none	https://github.com/marmelab/uptime	none	16	5	4	2	16	t	f	f	2015-04-14 07:55:37+00	2019-04-17 16:39:06+00	2019-04-17 16:39:22+00	archived	f	t
116	MDEwOlJlcG9zaXRvcnkyOTkxMzk1OA==	configurable.js	 A small JS snippet to make a function configurable through its closure	JavaScript	1	MIT License	https://github.com/marmelab/configurable.js	none	7	1	0	0	7	f	f	f	2015-01-27 12:53:30+00	2019-01-09 07:09:57+00	2019-01-09 07:09:55+00	maintained	f	t
130	MDEwOlJlcG9zaXRvcnkxNjQxMzg4NQ==	chrome-bug-report-wizard	Chrome plugin automating Bug Tracker issue creation with screenshot and browser details	JavaScript	2	MIT License	https://github.com/marmelab/chrome-bug-report-wizard	none	22	5	0	0	22	t	f	f	2014-01-31 16:46:32+00	2019-05-04 07:41:10+00	2019-08-13 15:34:38+00	archived	f	t
70	MDEwOlJlcG9zaXRvcnk5MDI3Mjg4Mg==	json-graphql-server	Get a full fake GraphQL API with zero coding in less than 30 seconds.	JavaScript	3	MIT License	https://github.com/marmelab/json-graphql-server	none	1076	100	10	4	1076	f	f	f	2017-05-04 14:28:02+00	2020-03-13 23:05:13+00	2020-04-17 17:17:05+00	maintained	f	t
169	MDEwOlJlcG9zaXRvcnkyMjY4Mjc4MDI=	hex-react	no description	JavaScript	0	MIT License	https://api.github.com/repos/marmelab/hex-react	none	0	0	2	0	0	f	f	f	2019-12-09 08:58:44+00	2020-03-16 15:50:18+00	2020-04-06 12:00:01+00	none	f	f
170	MDEwOlJlcG9zaXRvcnkyMjUzMzE3Nzk=	hex-go	no description	Go	0	MIT License	https://api.github.com/repos/marmelab/hex-go	none	0	0	1	0	0	f	f	f	2019-12-02 09:09:16+00	2020-04-16 08:16:09+00	2019-12-12 18:57:49+00	none	f	f
171	MDEwOlJlcG9zaXRvcnkyMjM4OTgwNzM=	hex-symfony	no description	PHP	0	none	https://api.github.com/repos/marmelab/hex-symfony	none	0	0	4	0	0	f	f	f	2019-11-25 08:27:13+00	2020-03-31 01:14:08+00	2019-11-29 11:19:04+00	none	f	f
172	MDEwOlJlcG9zaXRvcnkyMjI0MjA2NTQ=	hex-python	The Hex Game in Python	Python	0	MIT License	https://api.github.com/repos/marmelab/hex-python	none	0	0	2	0	0	f	f	f	2019-11-18 10:18:59+00	2020-03-02 12:06:18+00	2019-11-20 17:24:38+00	none	f	f
173	MDEwOlJlcG9zaXRvcnkyMTg3MjYzNTY=	lighthouse-ci	no description	JavaScript	0	none	https://api.github.com/repos/marmelab/lighthouse-ci	none	2	0	0	0	2	f	f	f	2019-10-31 09:11:19+00	2019-10-31 12:18:23+00	2020-04-09 11:39:03+00	none	f	f
163	MDEwOlJlcG9zaXRvcnkyNTU5NjgyODQ=	prot	Public RepOsitories Tracker	JavaScript	0	MIT License	https://api.github.com/repos/marmelab/prot	none	0	0	0	0	0	f	f	f	2020-04-15 16:01:25+00	2020-04-17 17:40:44+00	2020-04-15 16:15:19+00	maintained	f	f
97	MDEwOlJlcG9zaXRvcnk5Njg5MDY1	wishcard	InDesign-like WYSIWYG editor using Raphaël.js and Backbone	JavaScript	1	none	https://github.com/marmelab/wishcard	http://h6d3gw.marmelab.com	2	1	1	0	13	t	f	f	2013-04-26 06:55:32+00	2013-05-22 12:37:20+00	2019-05-04 07:27:07.254+00	archived	f	t
164	MDEwOlJlcG9zaXRvcnkyNTAyNzUzMDA=	hex	no description	JavaScript	0	MIT License	https://api.github.com/repos/marmelab/hex	https://hex.chroq.now.sh	0	0	3	0	0	f	f	f	2020-03-26 14:06:03+00	2020-04-17 12:58:19+00	2020-04-17 09:35:56+00	none	f	f
165	MDEwOlJlcG9zaXRvcnkyNDE2NzgyMTA=	argos	docker monitoring experiment	JavaScript	0	none	https://api.github.com/repos/marmelab/argos	none	0	1	2	0	0	f	f	f	2020-02-19 17:20:17+00	2020-04-09 07:20:25+00	2020-03-26 09:45:23+00	none	f	f
166	MDEwOlJlcG9zaXRvcnkyNDEwNTI0MDI=	sylo	Dynamic Resource State Manager	JavaScript	0	none	https://api.github.com/repos/marmelab/sylo	none	0	0	1	0	0	f	f	f	2020-02-17 08:09:58+00	2020-04-05 22:08:30+00	2020-02-17 08:13:34+00	none	f	f
69	MDEwOlJlcG9zaXRvcnkxMjk5MTIzNTc=	admin-on-rest	A frontend framework for building admin SPAs on top of REST services, using React and Material Design.	JavaScript	3	MIT License	https://github.com/marmelab/admin-on-rest	https://marmelab.com/admin-on-rest	373	123	13	3	373	t	f	f	2018-04-17 13:54:14+00	2018-08-08 13:15:11+00	2020-04-01 07:34:54+00	archived	f	t
153	MDEwOlJlcG9zaXRvcnk3NTIwNDY2Nw==	admin-on-rest-demo	Source of the admin-on-rest react.js demo, using a dummy REST service powered by FakeRest	JavaScript	3	none	https://github.com/marmelab/admin-on-rest-demo	https://marmelab.com/admin-on-rest-demo/	323	159	3	2	323	t	f	f	2016-11-30 16:19:54+00	2019-05-04 07:28:39+00	2020-03-06 02:18:51+00	archived	f	t
192	MDEwOlJlcG9zaXRvcnkxOTE1Mjg5MTk=	quoridor-python	no description	Python	0	none	https://api.github.com/repos/marmelab/quoridor-python	none	0	0	0	0	0	f	f	f	2019-06-12 08:21:32+00	2019-06-18 11:34:30+00	2019-06-18 10:51:51+00	none	f	f
193	MDEwOlJlcG9zaXRvcnkxOTAxNTAzODk=	quixo-symfony	Quixo Game Using Symfony 	PHP	0	MIT License	https://api.github.com/repos/marmelab/quixo-symfony	none	1	0	0	0	1	t	f	f	2019-06-04 07:20:16+00	2019-06-17 12:58:00+00	2020-01-14 13:13:38+00	none	f	f
194	MDEwOlJlcG9zaXRvcnkxOTAwNTY5OTg=	ra-auth-acl	Access Control List authProvider and helpers for React Admin	TypeScript	0	MIT License	https://api.github.com/repos/marmelab/ra-auth-acl	https://www.npmjs.com/package/ra-auth-acl	39	2	1	0	39	f	f	f	2019-06-03 18:09:06+00	2019-12-09 08:40:04+00	2020-04-14 19:32:21+00	none	f	f
195	MDEwOlJlcG9zaXRvcnkxODg4MTQxNzU=	quixo-python	Play the Quixo game in Python	Python	0	MIT License	https://api.github.com/repos/marmelab/quixo-python	none	1	0	0	0	1	f	f	f	2019-05-27 09:33:30+00	2019-06-03 11:54:41+00	2019-06-03 11:54:40+00	none	f	f
198	MDEwOlJlcG9zaXRvcnkxODE2NDY2MTU=	marriage-algorithms	Experiments with stable marriage algorithms	TypeScript	0	none	https://api.github.com/repos/marmelab/marriage-algorithms	none	1	0	1	0	1	f	f	f	2019-04-16 08:22:44+00	2020-04-06 15:04:00+00	2020-03-11 09:18:48+00	none	f	f
199	MDEwOlJlcG9zaXRvcnkxODE0Mjk5NzY=	todos-cli	Support for blog article (link coming soon)	JavaScript	0	none	https://api.github.com/repos/marmelab/todos-cli	none	0	0	0	0	0	f	f	f	2019-04-15 06:57:33+00	2019-04-15 16:24:37+00	2019-04-15 16:24:38+00	none	f	f
200	MDEwOlJlcG9zaXRvcnkxNDk3ODA4Mzk=	react-headroom	Hide your header until you need it	JavaScript	0	MIT License	https://api.github.com/repos/marmelab/react-headroom	https://kyleamathews.github.io/react-headroom	0	0	0	0	0	f	f	f	2018-09-21 15:15:20+00	2018-09-21 15:19:10+00	2018-09-21 15:15:22+00	none	f	f
201	MDEwOlJlcG9zaXRvcnkxMDU4OTc0NTA=	react-router	Declarative routing for React	JavaScript	0	MIT License	https://api.github.com/repos/marmelab/react-router	https://reacttraining.com/react-router/	0	0	0	0	0	f	f	f	2017-10-05 14:06:19+00	2017-10-05 14:59:14+00	2017-10-05 14:06:24+00	none	f	f
41	MDEwOlJlcG9zaXRvcnkxODA1MzkwODc=	eydia	no description	JavaScript	2	MIT License	https://github.com/marmelab/eydia	none	2	0	0	1	2	f	f	f	2019-04-10 08:38:27+00	2019-04-15 12:04:37+00	2019-04-15 12:04:36+00	maintained	f	t
20	MDEwOlJlcG9zaXRvcnkxNzA0NjY4NzA=	virothello	:dizzy: Othello Game Using Augmented Reality And Viro	JavaScript	5	MIT License	https://github.com/marmelab/virothello	none	9	5	0	0	9	f	f	f	2019-02-13 08:07:41+00	2019-04-19 08:03:21+00	2020-02-22 11:31:40+00	publication	t	f
25	MDEwOlJlcG9zaXRvcnkxNTk4NTg2OTc=	twelve-app-conf-validator	Validate your twelve-app's configuration within a docker image	JavaScript	3	none	https://github.com/marmelab/twelve-app-conf-validator	none	0	0	0	0	0	t	f	f	2018-11-30 17:43:47+00	2019-04-17 11:19:21+00	2019-04-17 12:59:08+00	publication	f	t
196	MDEwOlJlcG9zaXRvcnkxODgwODI0Mzg=	ra-doc-usaurus	POC management of react-admin documentation with docusaurus	Makefile	0	none	https://api.github.com/repos/marmelab/ra-doc-usaurus	none	1	0	0	0	1	f	f	f	2019-05-22 17:14:18+00	2019-05-27 20:28:26+00	2019-05-27 11:44:53+00	archived	f	f
197	MDEwOlJlcG9zaXRvcnkxODY0MjQyNDM=	foss-starter-kit	Sample files to be added to FOSS projects	Makefile	0	MIT License	https://api.github.com/repos/marmelab/foss-starter-kit	none	0	0	0	0	0	f	f	f	2019-05-13 13:23:43+00	2020-01-15 13:37:42+00	2020-01-15 13:37:44+00	maintained	f	f
37	MDEwOlJlcG9zaXRvcnkxNjcxNTA5NDY=	eratosthenes	A JavaScript vs. WebAssembly Prime Number Generator Benchmark	HTML	4	Other	https://github.com/marmelab/eratosthenes	https://marmelab.com/eratosthenes/	1	0	0	0	1	t	f	f	2019-01-23 09:00:05+00	2019-04-17 17:05:31+00	2019-04-17 17:05:51+00	hackday	f	t
5	MDEwOlJlcG9zaXRvcnkxNjYwMTUxODI=	property-based-testing	Experiment Property Based Testing Libraries	none	0	none	https://github.com/marmelab/property-based-testing	none	0	0	1	1	0	f	f	f	2019-01-16 09:48:28+00	2019-03-14 13:51:15+00	2019-01-16 09:48:31+00	publication	f	f
35	MDEwOlJlcG9zaXRvcnkxNjU4NDY2NTg=	15-puzzle	Play the 15 Puzzle	JavaScript	4	MIT License	https://github.com/marmelab/15-puzzle	none	1	0	0	0	1	t	f	f	2019-01-15 12:24:23+00	2019-04-17 14:12:22+00	2019-04-17 14:13:15+00	hackday	t	t
46	MDEwOlJlcG9zaXRvcnkxNjQ4NDI0MDM=	https-on-dev	Simple examples on how to use HTTPS on a development environment.	none	0	MIT License	https://github.com/marmelab/https-on-dev	none	4	1	0	0	4	t	f	f	2019-01-09 10:35:29+00	2019-04-17 14:34:34+00	2019-11-05 15:47:50+00	publication	f	t
51	MDEwOlJlcG9zaXRvcnkxNjU2NDg2OTU=	timeline-react-admin	Support for a tutorial about custom List views with react-admin	JavaScript	3	none	https://github.com/marmelab/timeline-react-admin	none	15	8	0	0	15	f	f	f	2019-01-14 11:20:06+00	2019-09-11 18:51:28+00	2020-03-21 06:52:33+00	publication	f	f
18	MDEwOlJlcG9zaXRvcnkxNTM4MDQ2MTE=	ocaml-invader	Ocaml Space-Invader implementation using OpenGL	OCaml	3	none	https://github.com/marmelab/ocaml-invader	none	14	1	1	0	14	f	f	f	2018-10-19 15:30:48+00	2020-01-29 17:02:20+00	2020-03-19 09:39:41+00	hackday	t	t
28	MDEwOlJlcG9zaXRvcnkxNTgyODMyMzY=	liMonade	no description	TypeScript	3	MIT License	https://github.com/marmelab/liMonade	none	6	0	2	3	6	f	f	f	2018-11-19 20:05:56+00	2020-03-14 12:00:41+00	2019-10-25 14:45:15+00	maintained	f	t
17	MDEwOlJlcG9zaXRvcnkxMzY4OTI3NDE=	quarto-go	Quarto game API in go	Go	3	none	https://github.com/marmelab/quarto-go	none	1	0	1	1	1	t	f	f	2018-06-11 07:53:01+00	2019-04-17 16:32:36+00	2019-12-04 06:29:42+00	onboarding	t	t
24	MDEwOlJlcG9zaXRvcnkxMjIxNzMyMDc=	cra-e2e-accessibility	Example app for e2e accessibility testing on a CRA app	JavaScript	3	none	https://github.com/marmelab/cra-e2e-accessibility	none	0	2	0	0	0	t	f	f	2018-02-20 08:38:48+00	2019-04-17 14:58:13+00	2019-04-17 14:58:35+00	hackday	f	t
50	MDEwOlJlcG9zaXRvcnk5MTMyMzMzMw==	redux-form-inspector	An HOC for computing dynamic props from values inside an existing redux-form component.	JavaScript	2	none	https://github.com/marmelab/redux-form-inspector	none	10	1	1	0	10	f	f	f	2017-05-15 10:05:05+00	2020-03-16 08:28:35+00	2020-03-16 08:28:35+00	maintained	f	t
2	MDEwOlJlcG9zaXRvcnkxNTMwNjMzOTA=	labyrinth-react	Labyrinth game using Node and React	JavaScript	4	MIT License	https://github.com/marmelab/labyrinth-react	none	0	0	1	1	0	t	f	f	2018-10-15 06:28:46+00	2019-04-18 06:11:42+00	2019-04-18 06:12:18+00	onboarding	f	t
43	MDEwOlJlcG9zaXRvcnkxMzgyNzAyNjI=	postgres-queries	Query builder for PostgreSQL in Node.js, built for async	TypeScript	2	MIT License	https://github.com/marmelab/postgres-queries	https://marmelab.com/postgres-queries/	1	0	2	0	1	t	f	f	2018-06-22 07:29:42+00	2019-04-17 14:02:27+00	2019-06-24 08:55:32+00	archived	f	t
14	MDEwOlJlcG9zaXRvcnkxMjE3NTAzNzI=	beerexplorer-detox	Custom React-Native Project For E2E Testing Purpose With Detox	JavaScript	5	none	https://github.com/marmelab/beerexplorer-detox	none	0	1	0	0	0	t	f	f	2018-02-16 12:50:30+00	2019-04-17 16:21:21+00	2019-04-17 16:21:44+00	publication	f	t
64	MDEwOlJlcG9zaXRvcnk5MTMwODg3Mg==	aor-dependent-input	A component for displaying input depending on other inputs values in Admin-on-rest	JavaScript	2	MIT License	https://github.com/marmelab/aor-dependent-input	none	61	13	3	0	61	t	f	f	2017-05-15 07:40:30+00	2019-04-17 14:50:10+00	2020-03-22 08:21:08+00	archived	f	t
61	MDEwOlJlcG9zaXRvcnk4MzA0MjAzMg==	comfygure	Store and deploy settings across development, test, and production environments, using an encrypted key-value store.	JavaScript	2	MIT License	https://github.com/marmelab/comfygure	https://marmelab.com/comfygure	185	5	17	0	185	f	f	f	2017-02-24 13:03:51+00	2020-04-08 16:12:54+00	2020-04-08 15:08:23+00	maintained	f	t
12	MDEwOlJlcG9zaXRvcnkxNTEwNzY5NzY=	labyrinth-symfony	Labyrinth game using Symfony	JavaScript	6	none	https://github.com/marmelab/labyrinth-symfony	none	0	0	1	1	0	t	f	f	2018-10-01 11:22:36+00	2019-04-18 06:09:14+00	2019-04-18 06:09:46+00	onboarding	t	t
45	MDEwOlJlcG9zaXRvcnkxNDAwOTUyMjk=	puppeteer-accessibility	no description	JavaScript	4	none	https://github.com/marmelab/puppeteer-accessibility	none	5	3	0	0	5	t	f	f	2018-07-07 15:22:50+00	2019-04-17 15:04:22+00	2020-01-03 08:06:01+00	hackday	f	t
29	MDEwOlJlcG9zaXRvcnkxMzI4NzU0ODc=	posters	Image server for Posters Galore	none	0	none	https://github.com/marmelab/posters	none	1	1	0	0	1	f	f	f	2018-05-10 09:01:48+00	2018-05-10 09:19:51+00	2018-05-10 15:22:02+00	maintained	f	t
3	MDEwOlJlcG9zaXRvcnkxMjI2MzAzNTk=	cloud-recognizer	Deep Learning application to classify cloud pictures	none	0	MIT License	https://github.com/marmelab/cloud-recognizer	none	0	0	1	1	0	t	f	f	2018-02-23 14:17:53+00	2019-04-17 16:59:47+00	2019-04-17 17:00:03+00	archived	f	t
53	MDEwOlJlcG9zaXRvcnk5Mjk4MjQxMA==	skelt	{ } Skelt is a simple templating engine for object literals.	JavaScript	2	MIT License	https://github.com/marmelab/skelt	none	9	0	1	0	9	f	f	f	2017-05-31 19:42:41+00	2020-03-16 08:18:57+00	2020-03-16 08:18:57+00	maintained	f	t
137	MDEwOlJlcG9zaXRvcnk1MjI3ODY3Ng==	ZeroDollarHomePage	A decentralized ad server running on the blockchain	JavaScript	4	MIT License	https://github.com/marmelab/ZeroDollarHomePage	http://marmelab.com/blog/2016/05/20/blockchain-for-web-developers-in-practice.html	43	8	0	0	43	t	f	f	2016-02-22 14:22:46+00	2019-04-17 15:10:20+00	2019-04-17 15:10:53+00	publication	f	t
19	MDEwOlJlcG9zaXRvcnkxNTAwNjYyMzc=	pentago-react	no description	JavaScript	2	none	https://github.com/marmelab/pentago-react	none	0	0	1	1	0	t	f	f	2018-09-24 07:06:14+00	2019-04-17 14:07:57+00	2019-04-17 14:08:53+00	onboarding	t	t
32	MDEwOlJlcG9zaXRvcnkxMzYwMDE2OTA=	quarto-python	Quarto game using python	Python	2	none	https://github.com/marmelab/quarto-python	none	1	0	1	1	1	t	f	f	2018-06-04 09:24:10+00	2019-04-17 16:35:59+00	2019-04-17 16:36:44+00	onboarding	t	t
38	MDEwOlJlcG9zaXRvcnkxMzI3ODIxNzE=	react-tick-slider	React tick slider component with render props	JavaScript	1	MIT License	https://github.com/marmelab/react-tick-slider	none	2	0	0	0	2	t	f	f	2018-05-09 16:08:48+00	2019-04-17 13:21:58+00	2019-10-25 06:10:11+00	hackday	f	t
36	MDEwOlJlcG9zaXRvcnkxMDkyNDQwMDM=	15-puzzle-web	Play the 15-puzzle game in a web browser	PHP	4	MIT License	https://github.com/marmelab/15-puzzle-web	none	1	0	2	2	1	t	f	f	2017-11-02 09:29:53+00	2019-04-18 08:12:35+00	2019-04-18 08:12:56+00	onboarding	t	t
60	MDEwOlJlcG9zaXRvcnk5MDI3NjA0NA==	admin-on-rest-graphql-demo	no description	JavaScript	3	none	https://github.com/marmelab/admin-on-rest-graphql-demo	none	28	3	0	0	28	t	f	f	2017-05-04 14:57:40+00	2019-04-17 14:49:17+00	2019-11-13 20:19:40+00	archived	f	t
161	MDEwOlJlcG9zaXRvcnk2MzIyNjU4OA==	react-admin	A frontend Framework for building admin applications running in the browser on top of REST/GraphQL APIs, using ES6, React and Material Design	JavaScript	3	MIT License	https://github.com/marmelab/react-admin	http://marmelab.com/react-admin	12344	2680	123	28	12344	f	f	f	2016-07-13 07:58:54+00	2020-04-17 16:29:28+00	2020-04-18 07:11:40+00	maintained	f	t
21	MDEwOlJlcG9zaXRvcnkxNDkwMTY2MTU=	labyrinth-node	no description	JavaScript	2	none	https://github.com/marmelab/labyrinth-node	none	0	0	0	0	0	t	f	f	2018-09-16 16:59:39+00	2019-04-18 06:10:22+00	2019-04-18 06:11:02+00	onboarding	f	t
16	MDEwOlJlcG9zaXRvcnkxMzc0NjEwODM=	renard	🦊 REcipes for New, Advanced and Rapid Development (RENARD)	Makefile	2	none	https://github.com/marmelab/renard	none	0	0	3	0	0	t	f	f	2018-06-15 08:21:29+00	2019-04-17 14:40:35+00	2019-04-17 14:41:04+00	archived	f	t
40	MDEwOlJlcG9zaXRvcnkxMjk0MDY2ODA=	react-slider-poll	A simple react slider poll	JavaScript	4	none	https://github.com/marmelab/react-slider-poll	none	2	2	0	0	2	t	f	f	2018-04-13 13:33:53+00	2019-04-25 08:09:44+00	2019-04-25 08:10:13+00	hackday	f	t
138	MDEwOlJlcG9zaXRvcnk4MTc0NzkxMg==	aor-simple-graphql-client	A simple GraphQL client for admin-on-rest	JavaScript	2	MIT License	https://github.com/marmelab/aor-simple-graphql-client	none	48	9	1	0	48	t	f	f	2017-02-12 18:40:05+00	2019-04-17 14:56:28+00	2019-07-02 11:57:59+00	archived	f	t
108	MDEwOlJlcG9zaXRvcnk3MTc2MDY4MA==	reversi.py	An experimental Reversi CLI interface written in Python	Python	3	MIT License	https://github.com/marmelab/reversi.py	none	3	1	2	0	3	t	f	f	2016-10-24 06:58:03+00	2019-04-17 16:14:55+00	2019-04-17 16:15:20+00	onboarding	t	t
30	MDEwOlJlcG9zaXRvcnkxNDY1OTY4Mjc=	pentago-python	no description	Python	3	none	https://github.com/marmelab/pentago-python	none	1	0	0	0	1	t	f	f	2018-08-29 12:30:43+00	2019-04-17 13:26:59+00	2019-04-17 13:27:31+00	onboarding	t	t
44	MDEwOlJlcG9zaXRvcnkxMDY1MzA1ODY=	15-puzzle-cli	A CLI tool to play the 15-puzzle game	Python	2	none	https://github.com/marmelab/15-puzzle-cli	none	2	0	0	0	2	t	f	f	2017-10-11 09:01:06+00	2019-04-18 08:34:32+00	2019-04-18 08:35:02+00	onboarding	t	t
8	MDEwOlJlcG9zaXRvcnkxMzc3NDk5MzM=	quarto-symfony	Quarto game using symfony	PHP	6	MIT License	https://github.com/marmelab/quarto-symfony	none	1	0	1	1	1	t	f	f	2018-06-18 12:38:08+00	2019-04-17 16:34:35+00	2020-02-10 07:29:41+00	onboarding	t	t
4	MDEwOlJlcG9zaXRvcnkxMTA5NDgzMTA=	15-puzzle-app	A react native app to play the 15 puzzle game	JavaScript	5	MIT License	https://github.com/marmelab/15-puzzle-app	none	0	2	1	1	0	t	f	f	2017-11-16 09:03:01+00	2019-04-18 08:08:24+00	2019-04-18 08:08:47+00	onboarding	t	t
34	MDEwOlJlcG9zaXRvcnk5Mjg0Nzc1NQ==	aor-ory	Admin-on-rest addon to use Ory for rich text contents	none	0	MIT License	https://github.com/marmelab/aor-ory	none	1	0	0	0	1	t	f	f	2017-05-30 15:30:23+00	2019-04-17 14:53:36+00	2019-04-17 14:53:52+00	archived	f	t
113	MDEwOlJlcG9zaXRvcnk3OTg5MjI4NQ==	aor-language-french	French translations for admin-on-rest	JavaScript	1	none	https://github.com/marmelab/aor-language-french	none	5	16	0	0	5	t	f	f	2017-01-24 08:22:30+00	2019-05-04 07:32:24+00	2019-05-04 07:32:47+00	archived	f	t
31	MDEwOlJlcG9zaXRvcnkxNDAwMDI1MTc=	quarto-isomorphic	Quarto game with react  in SSR mode	JavaScript	2	MIT License	https://github.com/marmelab/quarto-isomorphic	none	1	0	1	1	1	t	f	f	2018-07-06 15:37:02+00	2019-04-17 16:33:39+00	2019-04-17 16:34:06+00	onboarding	t	t
67	MDEwOlJlcG9zaXRvcnk5Mzc1Njg4NA==	aor-graphql	Packages related to using GraphQL with Admin-on-rest	JavaScript	4	none	https://github.com/marmelab/aor-graphql	none	84	16	8	0	84	t	f	f	2017-06-08 14:08:57+00	2019-04-17 14:52:52+00	2019-09-16 05:24:32+00	archived	f	t
11	MDEwOlJlcG9zaXRvcnk4MzA0MTkwNQ==	service-worker-demo	no description	JavaScript	4	MIT License	https://github.com/marmelab/service-worker-demo	none	0	1	0	0	0	t	f	f	2017-02-24 13:02:06+00	2019-04-17 11:28:57+00	2019-04-17 14:32:16+00	publication	f	t
72	MDEwOlJlcG9zaXRvcnk4MTA4MDc3Mw==	awale-go	Turn based awale game for command-line, written in #golang	Go	2	none	https://github.com/marmelab/awale-go	none	1	0	0	0	1	t	f	f	2017-02-06 11:34:03+00	2019-04-17 14:15:44+00	2019-05-01 14:09:46+00	onboarding	t	t
75	MDEwOlJlcG9zaXRvcnk3NDM0MDUxNA==	reversi-android	no description	JavaScript	5	MIT License	https://github.com/marmelab/reversi-android	none	0	0	2	2	0	t	f	f	2016-11-21 08:07:31+00	2019-04-17 16:25:09+00	2019-04-17 16:25:41+00	onboarding	t	t
79	MDEwOlJlcG9zaXRvcnk2NjgyMTc2MQ==	connect-four	A game server for Connect-four written in Symfony2	PHP	4	MIT License	https://github.com/marmelab/connect-four	none	0	0	0	0	0	t	f	f	2016-08-29 07:31:15+00	2019-04-17 14:39:46+00	2019-04-17 14:40:21+00	onboarding	t	t
77	MDEwOlJlcG9zaXRvcnk2MDMzMzk1OQ==	snake_solver_two	Attempt #2 at solving the snake game - using breadth-first search, in ES6 and ReactJS	JavaScript	4	MIT License	https://github.com/marmelab/snake_solver_two	none	0	0	4	1	0	f	f	f	2016-06-03 09:02:09+00	2016-08-18 09:14:50+00	2016-08-18 08:52:03+00	onboarding	f	f
49	MDEwOlJlcG9zaXRvcnkyMzc4NjIzNw==	docker-composer-hhvm	no description	none	0	none	https://github.com/marmelab/docker-composer-hhvm	none	8	4	1	1	8	f	f	f	2014-09-08 10:05:55+00	2019-04-01 01:47:16+00	2016-11-17 18:13:39+00	publication	f	f
131	MDEwOlJlcG9zaXRvcnk3ODQ2ODY5Mg==	aor-rich-text-input	<RichTextInput> component for admin-on-rest, useful for editing HTML code in admin GUIs	CSS	3	MIT License	https://github.com/marmelab/aor-rich-text-input	none	23	26	14	3	23	t	f	f	2017-01-09 21:02:01+00	2019-05-04 07:27:35+00	2019-08-22 14:33:48+00	archived	f	t
105	MDEwOlJlcG9zaXRvcnk3MzEwMDc0Ng==	tobaccobot	A SMS bot to stop smoking, build with Node.js and serverless	JavaScript	3	none	https://github.com/marmelab/tobaccobot	http://marmelab.com/blog/2016/12/16/tobaccobot.html	3	3	1	0	3	t	f	f	2016-11-07 16:55:24+00	2019-04-17 14:26:46+00	2019-04-17 14:27:18+00	publication	f	t
158	MDEwOlJlcG9zaXRvcnk1OTAzNjgxOQ==	universal.css	The only CSS you will ever need	CSS	2	Do What The F*ck You Want To Public License	https://github.com/marmelab/universal.css	none	1244	41	16	0	1244	f	f	f	2016-05-17 15:51:25+00	2017-08-11 12:22:08+00	2020-04-13 17:51:20+00	publication	f	f
149	MDEwOlJlcG9zaXRvcnk0NTM4ODE5Mw==	sedy	A GitHub bot bringing the sed command to code reviews 	JavaScript	2	MIT License	https://github.com/marmelab/sedy	https://marmelab.com/sedy/	240	27	6	0	240	t	f	f	2015-11-02 10:38:23+00	2019-04-17 14:37:06+00	2020-01-15 15:16:05+00	transmitted	f	t
123	MDEwOlJlcG9zaXRvcnkxNTA3MTI0NA==	phpcr-api	no description	PHP	1	MIT License	https://github.com/marmelab/phpcr-api	none	11	2	0	0	11	t	f	f	2013-12-10 08:28:40+00	2019-05-04 07:46:01+00	2019-05-04 07:46:21+00	archived	f	t
86	MDEwOlJlcG9zaXRvcnk3MzY5NjE5OQ==	reversi-sf	no description	PHP	4	MIT License	https://github.com/marmelab/reversi-sf	none	1	0	1	1	1	t	f	f	2016-11-14 11:01:31+00	2019-04-17 16:29:50+00	2019-04-17 16:30:32+00	onboarding	t	t
150	MDEwOlJlcG9zaXRvcnk0OTg2NDc1NA==	javascript-boilerplate	Node.js+Koa.js+PostgreSQL+React.js+Webpack+Mocha+Makefile, a starter kit for new apps	JavaScript	4	none	https://github.com/marmelab/javascript-boilerplate	none	251	53	9	4	251	t	f	f	2016-01-18 09:05:11+00	2019-04-17 15:01:22+00	2020-02-19 20:19:44+00	archived	f	t
76	MDEwOlJlcG9zaXRvcnk0Njg0NTU3NQ==	meteor-messages	no description	JavaScript	4	MIT License	https://github.com/marmelab/meteor-messages	none	0	1	1	1	0	t	f	f	2015-11-25 07:41:38+00	2019-04-17 14:53:00+00	2019-04-17 14:53:14+00	archived	f	t
121	MDEwOlJlcG9zaXRvcnkyNDQwNTkyMg==	treedu	Graphical Disk Usage command for the terminal, using Node.js, d3.js, blessed, and Drawille	JavaScript	1	MIT License	https://github.com/marmelab/treedu	http://marmelab.com/blog/2014/10/03/graphical-du-with-d3.html	10	1	0	0	10	t	f	f	2014-09-24 07:54:14+00	2019-04-17 14:33:25+00	2019-04-17 14:34:00+00	onboarding	f	t
112	MDEwOlJlcG9zaXRvcnk0NDk1NDQzMg==	dobble-php	no description	PHP	2	MIT License	https://github.com/marmelab/dobble-php	none	5	1	0	0	5	t	f	f	2015-10-26 08:09:39+00	2019-04-17 14:59:49+00	2019-04-17 15:00:29+00	onboarding	t	t
120	MDEwOlJlcG9zaXRvcnkyOTEzODQwNw==	silex-multifetch	A Silex provider for performing internal batch requests	PHP	2	MIT License	https://github.com/marmelab/silex-multifetch	none	10	2	0	0	10	t	f	f	2015-01-12 14:11:49+00	2019-05-04 07:42:08+00	2019-05-04 07:42:27+00	archived	f	t
88	MDEwOlJlcG9zaXRvcnkyMzEwMTg4NA==	ng-channel	Brings go-like channels to AngularJS.	JavaScript	1	none	https://github.com/marmelab/ng-channel	none	1	0	0	0	1	t	f	f	2014-08-19 08:01:09+00	2019-04-17 16:50:50+00	2019-04-17 16:51:04+00	archived	f	t
136	MDEwOlJlcG9zaXRvcnkxNDIwMTc5OQ==	SonataElasticaBundle	Power the Sonata Admin list view and filters by an ElasticSearch index to speed up navigation.	PHP	1	MIT License	https://github.com/marmelab/SonataElasticaBundle	none	43	13	4	1	43	t	f	f	2013-11-07 11:18:00+00	2019-05-04 07:43:16+00	2019-05-04 07:43:40+00	archived	f	t
85	MDEwOlJlcG9zaXRvcnkxMDU5NTUyNw==	SchemaFactory	no description	JavaScript	1	none	https://github.com/marmelab/SchemaFactory	none	1	1	0	0	1	t	f	f	2013-06-10 07:36:13+00	2019-05-04 07:35:06+00	2019-05-04 07:35:22+00	archived	f	t
152	MDEwOlJlcG9zaXRvcnkyNDcxOTY1Nw==	ng-admin-demo	Source of the ng-admin angular.js demo, using a dummy REST service powered by FakeRest	JavaScript	4	none	https://github.com/marmelab/ng-admin-demo	http://marmelab.com/ng-admin-demo/	311	184	4	2	311	t	f	f	2014-10-02 13:20:36+00	2019-05-04 07:30:35+00	2020-04-01 05:18:48+00	archived	f	t
157	MDEwOlJlcG9zaXRvcnkyNDA5MTE3MQ==	EventDrops	A time based / event series interactive visualization using d3.js	JavaScript	3	MIT License	https://github.com/marmelab/EventDrops	http://marmelab.com/EventDrops/	1116	228	31	4	1116	f	f	f	2014-09-16 08:14:58+00	2019-12-23 18:21:42+00	2020-04-16 10:40:00+00	maintained	f	t
162	MDEwOlJlcG9zaXRvcnkxMzczNzE0OQ==	gremlins.js	Monkey testing library for web apps and Node.js	JavaScript	3	MIT License	https://github.com/marmelab/gremlins.js	none	8369	406	37	9	8369	f	f	f	2013-10-21 08:47:12+00	2020-04-08 14:41:31+00	2020-04-17 13:45:04+00	maintained	f	t
\.


--
-- Data for Name: repository_maintainer; Type: TABLE DATA; Schema: public; Owner: alexisjanvier
--

COPY public.repository_maintainer ("createdAt", "updatedAt", repository_id, contributor_id) FROM stdin;
2019-04-12 12:30:06.784+00	2019-04-12 12:30:06.784+00	41	1
2019-04-12 12:30:06.784+00	2019-04-12 12:30:06.784+00	41	2
2019-04-12 12:30:49.186+00	2019-04-12 12:30:49.186+00	161	2
2019-04-12 12:30:49.186+00	2019-04-12 12:30:49.186+00	161	5
2019-04-12 15:11:46.984+00	2019-04-12 15:11:46.984+00	101	10
2019-04-12 15:12:40.281+00	2019-04-12 15:12:40.281+00	56	4
2019-04-12 15:13:24.44+00	2019-04-12 15:13:24.44+00	1	4
2019-04-12 15:14:07.525+00	2019-04-12 15:14:07.525+00	53	4
2019-04-12 15:14:08.787+00	2019-04-12 15:14:08.787+00	10	11
2019-04-12 15:14:34.74+00	2019-04-12 15:14:34.74+00	20	4
2019-04-12 15:14:38.075+00	2019-04-12 15:14:38.075+00	59	2
2019-04-12 15:14:38.075+00	2019-04-12 15:14:38.075+00	59	5
2019-04-12 15:14:55.265+00	2019-04-12 15:14:55.265+00	18	4
2019-04-12 15:15:19.324+00	2019-04-12 15:15:19.324+00	14	4
2019-04-12 15:15:30.742+00	2019-04-12 15:15:30.742+00	47	4
2019-04-12 15:16:13.299+00	2019-04-12 15:16:13.299+00	86	4
2019-04-12 15:16:23.946+00	2019-04-12 15:16:23.946+00	106	4
2019-04-12 15:16:33.429+00	2019-04-12 15:16:33.429+00	75	4
2019-04-12 15:16:43.645+00	2019-04-12 15:16:43.645+00	87	4
2019-04-12 15:17:04.407+00	2019-04-12 15:17:04.407+00	108	4
2019-04-12 15:17:27.055+00	2019-04-12 15:17:27.055+00	50	4
2019-04-12 15:18:55.917+00	2019-04-12 15:18:55.917+00	114	10
2019-04-12 15:19:58.88+00	2019-04-12 15:19:58.88+00	28	10
2019-04-12 15:25:47.671+00	2019-04-12 15:25:47.671+00	135	10
2019-04-15 08:32:57.647+00	2019-04-15 08:32:57.647+00	61	7
2019-04-15 08:35:30.749+00	2019-04-15 08:35:30.749+00	52	7
2019-04-15 08:35:55.64+00	2019-04-15 08:35:55.64+00	46	7
2019-04-15 08:36:43.874+00	2019-04-15 08:36:43.874+00	37	1
2019-04-15 08:36:43.874+00	2019-04-15 08:36:43.874+00	37	7
2019-04-15 08:37:14.64+00	2019-04-15 08:37:14.64+00	149	7
2019-04-15 08:39:46.033+00	2019-04-15 08:39:46.033+00	16	7
2019-04-15 08:42:05.039+00	2019-04-15 08:42:05.039+00	76	7
2019-04-15 08:42:25.464+00	2019-04-15 08:42:25.464+00	112	7
2019-04-15 08:42:57.488+00	2019-04-15 08:42:57.488+00	122	7
2019-04-15 13:33:42.462+00	2019-04-15 13:33:42.462+00	159	5
2019-04-15 13:34:11.488+00	2019-04-15 13:34:11.488+00	51	5
2019-04-15 13:35:28.617+00	2019-04-15 13:35:28.617+00	151	5
2019-04-15 13:39:24.271+00	2019-04-15 13:39:24.271+00	29	5
2019-04-17 13:33:36.555+00	2019-04-17 13:33:36.555+00	116	10
2019-04-17 14:26:21.905+00	2019-04-17 14:26:21.905+00	31	6
2019-04-17 14:26:36.502+00	2019-04-17 14:26:36.502+00	8	6
2019-04-17 14:26:56.152+00	2019-04-17 14:26:56.152+00	17	6
2019-04-17 14:27:15.971+00	2019-04-17 14:27:15.971+00	32	6
2019-04-17 14:27:36.326+00	2019-04-17 14:27:36.326+00	9	6
2020-04-19 06:13:38.954+00	2020-04-19 06:13:38.954+00	162	11
2020-04-19 06:13:38.954+00	2020-04-19 06:13:38.954+00	162	13
2020-04-19 06:19:52.143+00	2020-04-19 06:19:52.143+00	168	1
2020-04-19 06:20:18.725+00	2020-04-19 06:20:18.725+00	197	1
2020-04-19 06:21:14.511+00	2020-04-19 06:21:14.511+00	70	1
2020-04-19 06:21:29.997+00	2020-04-19 06:21:29.997+00	68	1
2020-04-19 06:22:15.556+00	2020-04-19 06:22:15.556+00	163	1
\.


--
-- Name: contributors_id_seq; Type: SEQUENCE SET; Schema: public; Owner: alexisjanvier
--

SELECT pg_catalog.setval('public.contributors_id_seq', 16, true);


--
-- Name: repositories_id_seq; Type: SEQUENCE SET; Schema: public; Owner: alexisjanvier
--

SELECT pg_catalog.setval('public.repositories_id_seq', 206, true);


--
-- Name: repository_maintainer RepositoryMaintainer_pkey; Type: CONSTRAINT; Schema: public; Owner: alexisjanvier
--

ALTER TABLE ONLY public.repository_maintainer
    ADD CONSTRAINT "RepositoryMaintainer_pkey" PRIMARY KEY (repository_id, contributor_id);


--
-- Name: contributors contributors_pkey; Type: CONSTRAINT; Schema: public; Owner: alexisjanvier
--

ALTER TABLE ONLY public.contributors
    ADD CONSTRAINT contributors_pkey PRIMARY KEY (id);


--
-- Name: repositories repositories_pkey; Type: CONSTRAINT; Schema: public; Owner: alexisjanvier
--

ALTER TABLE ONLY public.repositories
    ADD CONSTRAINT repositories_pkey PRIMARY KEY (id);


--
-- Name: contributors_github_id; Type: INDEX; Schema: public; Owner: alexisjanvier
--

CREATE UNIQUE INDEX contributors_github_id ON public.contributors USING btree ("githubId");


--
-- Name: repositories_github_id; Type: INDEX; Schema: public; Owner: alexisjanvier
--

CREATE UNIQUE INDEX repositories_github_id ON public.repositories USING btree ("githubId");


--
-- Name: repository_maintainer RepositoryMaintainer_contributorId_fkey; Type: FK CONSTRAINT; Schema: public; Owner: alexisjanvier
--

ALTER TABLE ONLY public.repository_maintainer
    ADD CONSTRAINT "RepositoryMaintainer_contributorId_fkey" FOREIGN KEY (contributor_id) REFERENCES public.contributors(id) ON UPDATE CASCADE ON DELETE CASCADE;


--
-- Name: repository_maintainer RepositoryMaintainer_repositoryId_fkey; Type: FK CONSTRAINT; Schema: public; Owner: alexisjanvier
--

ALTER TABLE ONLY public.repository_maintainer
    ADD CONSTRAINT "RepositoryMaintainer_repositoryId_fkey" FOREIGN KEY (repository_id) REFERENCES public.repositories(id) ON UPDATE CASCADE ON DELETE CASCADE;


--
-- PostgreSQL database dump complete
--

